commander_id,current_name,current_order,proposed_community_order,status,notes
96f76487-00ba-4ff9-85a4-c92fe0aa6ada,"Abaddon the Despoiler / Kefka, Court Mage","Abaddon the Despoiler / Kefka, Court Mage",,,
fb517509-bec0-422e-8d5e-4603738849bb,"Abby, Merciless Soldier / Ellie, Vengeful Hunter","Abby, Merciless Soldier / Ellie, Vengeful Hunter",,,
1e85fd58-f3ec-469d-be8a-9e187bb91bb3,"Abdel Adrian, Gorion's Ward / Agent of the Iron Throne","Abdel Adrian, Gorion's Ward / Agent of the Iron Throne",,,
18fc423b-a7f0-411a-9acc-052ffdafe800,"Abdel Adrian, Gorion's Ward / Candlekeep Sage","Abdel Adrian, Gorion's Ward / Candlekeep Sage",,,
5d8f7bc6-9575-4031-9951-f7410dda5f0a,"Abdel Adrian, Gorion's Ward / Far Traveler","Abdel Adrian, Gorion's Ward / Far Traveler",,,
06196c27-a418-4b10-84ed-6f96af52e26d,"Abdel Adrian, Gorion's Ward / Haunted One","Abdel Adrian, Gorion's Ward / Haunted One",,,
48c1e360-30c6-4f77-a3cd-8ea23cebc24a,"Acererak the Archlich / Kinnan, Bonder Prodigy","Acererak the Archlich / Kinnan, Bonder Prodigy",,,
2871a0d6-d25b-456e-9bb9-5c519d8d419f,"Acolyte of Bahamut / Renari, Merchant of Marvels","Acolyte of Bahamut / Renari, Merchant of Marvels",,,
ff155a22-4f1f-4985-ae0f-5d739eeab9c2,"Acolyte of Bahamut / Volo, Itinerant Scholar","Acolyte of Bahamut / Volo, Itinerant Scholar",,,
e7c52dfa-190d-46b4-aebe-7d18139cf751,"Adric, Mathematical Genius / The Fourteenth Doctor","Adric, Mathematical Genius / The Fourteenth Doctor",,,
2497d920-da73-48b1-9d01-f784d120f93f,"Adric, Mathematical Genius / The War Doctor","Adric, Mathematical Genius / The War Doctor",,,
3027ae7a-784e-433a-a729-d2dde2dc28ba,"Agent of the Iron Throne / Baeloth Barrityl, Entertainer","Agent of the Iron Throne / Baeloth Barrityl, Entertainer",,,
b8782575-a55a-43dd-a414-efa0915d8e93,"Agent of the Iron Throne / Gut, True Soul Zealot","Agent of the Iron Throne / Gut, True Soul Zealot",,,
61337b5e-3a63-4ce1-bbac-098e41e28926,"Agent of the Iron Throne / Jaheira, Friend of the Forest","Agent of the Iron Throne / Jaheira, Friend of the Forest",,,
d685ba11-f7c3-4971-8b14-b61629f37123,"Agent of the Iron Throne / Renari, Merchant of Marvels","Agent of the Iron Throne / Renari, Merchant of Marvels",,,
eb021ff0-9cfa-450f-8d61-659e28d11827,"Agent of the Iron Throne / Volo, Itinerant Scholar","Agent of the Iron Throne / Volo, Itinerant Scholar",,,
25048a34-944c-4c6d-bbc3-bf4edab4c453,"Agent of the Shadow Thieves / Renari, Merchant of Marvels","Agent of the Shadow Thieves / Renari, Merchant of Marvels",,,
28290b22-ddfa-4ca6-8557-41b22025e967,"Agent of the Shadow Thieves / Vhal, Candlekeep Researcher","Agent of the Shadow Thieves / Vhal, Candlekeep Researcher",,,
31cbd722-048f-43e9-b270-8c535427d94a,"Akiri, Line-Slinger / Ardenn, Intrepid Archaeologist","Akiri, Line-Slinger / Ardenn, Intrepid Archaeologist",,,
2207f604-fe6c-4436-bb93-9c607aaff10f,"Akiri, Line-Slinger / Francisco, Fowl Marauder","Akiri, Line-Slinger / Francisco, Fowl Marauder",,,
fa6307fb-30fc-479e-95f7-17aa5f1b6e0e,"Akiri, Line-Slinger / Malcolm, Keen-Eyed Navigator","Akiri, Line-Slinger / Malcolm, Keen-Eyed Navigator",,,
c754188d-b699-4c9f-82f3-ebcda86f20cd,"Akiri, Line-Slinger / Silas Renn, Seeker Adept","Akiri, Line-Slinger / Silas Renn, Seeker Adept",,,
531185d6-d3be-4f0b-88e9-15a203faeb44,"Akiri, Line-Slinger / Tevesh Szat, Doom of Fools","Akiri, Line-Slinger / Tevesh Szat, Doom of Fools",,,
0baa5804-fa7b-44d3-a787-48d374766886,"Akiri, Line-Slinger / Thrasios, Triton Hero","Akiri, Line-Slinger / Thrasios, Triton Hero",,,
e6c70bf4-e8a5-4ce8-8434-376101de449c,"Akroma, Vision of Ixidor / Tymna the Weaver","Akroma, Vision of Ixidor / Tymna the Weaver",,,
a81558a8-99ce-42d2-bde3-49b2cb8a0a4c,"Akroma, Vision of Ixidor / Vial Smasher the Fierce","Akroma, Vision of Ixidor / Vial Smasher the Fierce",,,
85544fac-1cab-47b4-a12f-a0ffed5aeb5d,"Alena, Kessig Trapper / Gilanra, Caller of Wirewood","Alena, Kessig Trapper / Gilanra, Caller of Wirewood",,,
b011b038-bc0f-4bce-bd7f-3d47c2121882,"Alisaie Leveilleur / Alphinaud Leveilleur","Alisaie Leveilleur / Alphinaud Leveilleur",,,
4295c871-1aab-4028-a88f-f6f13d82f617,"Anara, Wolvid Familiar / Ishai, Ojutai Dragonspeaker","Anara, Wolvid Familiar / Ishai, Ojutai Dragonspeaker",,,
d46a7f50-1e03-45f5-97ff-67357a6572fa,"April O'Neil, Live on the Scene / Leonardo, the Balance","April O'Neil, Live on the Scene / Leonardo, the Balance",,,
c404ff71-1ca2-4bf8-9b24-6cc385354dca,"Arabella, Abandoned Doll / Delney, Streetwise Lookout","Arabella, Abandoned Doll / Delney, Streetwise Lookout",,,
a3c3177e-9796-4f8a-b3ac-f8bb6275cda9,"Arcum Dagsson / Urtet, Remnant of Memnarch","Arcum Dagsson / Urtet, Remnant of Memnarch",,,
6db49f05-8264-48c9-ad0c-ed080c50221c,"Ardenn, Intrepid Archaeologist / Esior, Wardwing Familiar","Ardenn, Intrepid Archaeologist / Esior, Wardwing Familiar",,,
b9f6aba3-4533-48c8-8afb-ad545254267a,"Ardenn, Intrepid Archaeologist / Kediss, Emberclaw Familiar","Ardenn, Intrepid Archaeologist / Kediss, Emberclaw Familiar",,,
3eaa5ed3-b0d2-48a8-b9c4-81a7118384bf,"Ardenn, Intrepid Archaeologist / Kraum, Ludevic's Opus","Ardenn, Intrepid Archaeologist / Kraum, Ludevic's Opus",,,
315b3b55-876e-42f4-84e8-145382ad929b,"Ardenn, Intrepid Archaeologist / Nadu, Winged Wisdom","Ardenn, Intrepid Archaeologist / Nadu, Winged Wisdom",,,
7423edce-8de7-4253-bb3e-998d0f58eb15,"Ardenn, Intrepid Archaeologist / Rograkh, Son of Rohgahh","Ardenn, Intrepid Archaeologist / Rograkh, Son of Rohgahh",,,
7a0b2c66-852a-488c-a9d6-e032c8d0698e,"Ardenn, Intrepid Archaeologist / Silas Renn, Seeker Adept","Ardenn, Intrepid Archaeologist / Silas Renn, Seeker Adept",,,
f626bf8d-0f37-438f-b144-f5192cef91c9,"Ardenn, Intrepid Archaeologist / Tana, the Bloodsower","Ardenn, Intrepid Archaeologist / Tana, the Bloodsower",,,
c2de69a2-924e-4e5a-a47c-224db1089f1f,"Ardenn, Intrepid Archaeologist / Thrasios, Triton Hero","Ardenn, Intrepid Archaeologist / Thrasios, Triton Hero",,,
72b2390d-c319-4605-ac3c-b0bc15da8214,"Ardenn, Intrepid Archaeologist / Tymna the Weaver","Ardenn, Intrepid Archaeologist / Tymna the Weaver",,,
815d7e0b-dc90-4b98-a0fa-c2fee38d5e0e,"Ardenn, Intrepid Archaeologist / Vial Smasher the Fierce","Ardenn, Intrepid Archaeologist / Vial Smasher the Fierce",,,
1b503e1b-5af6-42eb-aaa0-03cdfa28123c,"Armix, Filigree Thrasher / Jeska, Thrice Reborn","Armix, Filigree Thrasher / Jeska, Thrice Reborn",,,
911683ac-a890-4d7c-a861-8bff97e89438,"Armix, Filigree Thrasher / Kraum, Ludevic's Opus","Armix, Filigree Thrasher / Kraum, Ludevic's Opus",,,
e05522c3-052b-47f2-a38e-0a4e020368bf,"Armix, Filigree Thrasher / Kydele, Chosen of Kruphix","Armix, Filigree Thrasher / Kydele, Chosen of Kruphix",,,
4afa480f-709b-45ee-9df5-9061e579d974,"Armix, Filigree Thrasher / Rebbec, Architect of Ascension","Armix, Filigree Thrasher / Rebbec, Architect of Ascension",,,
9350ae89-3529-4bce-809c-83fb542d3d7e,"Armix, Filigree Thrasher / Rograkh, Son of Rohgahh","Armix, Filigree Thrasher / Rograkh, Son of Rohgahh",,,
9a2a30ee-4170-4c85-85bc-01bd36c39dbc,"Armix, Filigree Thrasher / Tevesh Szat, Doom of Fools","Armix, Filigree Thrasher / Tevesh Szat, Doom of Fools",,,
a7a8b77e-f2d2-44bd-ac8c-ea21ba8ca738,"Armix, Filigree Thrasher / Thrasios, Triton Hero","Armix, Filigree Thrasher / Thrasios, Triton Hero",,,
019a4495-f7d2-4e8b-ae2d-72d1c3514546,"Armix, Filigree Thrasher / Tymna the Weaver","Armix, Filigree Thrasher / Tymna the Weaver",,,
583a031d-5547-4fac-9d28-3be5681c4796,"Ashcoat of the Shadow Swarm / Karumonix, the Rat King","Ashcoat of the Shadow Swarm / Karumonix, the Rat King",,,
f325b462-31cd-46e9-bc8e-9cf9918ead68,"Atraxa, Grand Unifier / Rograkh, Son of Rohgahh","Atraxa, Grand Unifier / Rograkh, Son of Rohgahh",,,
92e9c84d-a10b-426c-a0d6-3045b48e717b,"Atreus, Impulsive Son / Kratos, Stoic Father","Atreus, Impulsive Son / Kratos, Stoic Father",,,
b24b78d8-c807-4ff6-a38b-10d64a8e31d2,"Azlask, the Swelling Scourge / Ulalek, Fused Atrocity","Azlask, the Swelling Scourge / Ulalek, Fused Atrocity",,,
13acab66-9ce1-4fdf-ace2-9ad305491b24,"Baeloth Barrityl, Entertainer / Noble Heritage","Baeloth Barrityl, Entertainer / Noble Heritage",,,
dd509952-482b-46c5-8baa-de62b81b0801,"Baeloth Barrityl, Entertainer / Raised by Giants","Baeloth Barrityl, Entertainer / Raised by Giants",,,
29d8294d-342f-4c55-bf7b-e94e1fd63d9d,"Birgi, God of Storytelling / Jhoira, Weatherlight Captain","Birgi, God of Storytelling / Jhoira, Weatherlight Captain",,,
e91d9774-0466-45c4-9349-325ae47b82ae,"Bjorna, Nightfall Alchemist / Elmar, Ulvenwald Informant","Bjorna, Nightfall Alchemist / Elmar, Ulvenwald Informant",,,
9dffe0e4-cb7f-4790-ae24-9e551fa90187,"Bjorna, Nightfall Alchemist / Wernog, Rider's Chaplain","Bjorna, Nightfall Alchemist / Wernog, Rider's Chaplain",,,
4273b221-8bea-43c2-9e98-4fa371cb1824,"Bjorna, Nightfall Alchemist / Wernog, Rider\'s Chaplain","Bjorna, Nightfall Alchemist / Wernog, Rider\'s Chaplain",,,
bab1c77b-5a8b-46dc-ab44-6596f9930ce9,"Blue, Loyal Raptor / Owen Grady, Raptor Trainer","Blue, Loyal Raptor / Owen Grady, Raptor Trainer",,,
8ed4577a-36f9-45f9-84cf-0773ec85777f,"Brallin, Skyshark Rider / Shabraz, the Skyshark","Brallin, Skyshark Rider / Shabraz, the Skyshark",,,
10afb220-5067-445b-8bbb-75252d1bbd05,"Breeches, Brazen Plunderer / Malcolm, Keen-Eyed Navigator","Breeches, Brazen Plunderer / Malcolm, Keen-Eyed Navigator",,,
0816dacc-08f2-4e93-a199-f1e5ebec7948,"Brinelin, the Moon Kraken / Gilanra, Caller of Wirewood","Brinelin, the Moon Kraken / Gilanra, Caller of Wirewood",,,
01715416-3f85-458b-b578-b8a0421ed5a4,"Bruse Tarl, Boorish Herder / Ikra Shidiqi, the Usurper","Bruse Tarl, Boorish Herder / Ikra Shidiqi, the Usurper",,,
e81406b5-4e27-4dec-b097-db7763ca9fa9,"Bruse Tarl, Boorish Herder / Kamahl, Heart of Krosa","Bruse Tarl, Boorish Herder / Kamahl, Heart of Krosa",,,
bf243cc8-5bea-42e1-86c3-4d89a774204f,"Bruse Tarl, Boorish Herder / Kodama of the East Tree","Bruse Tarl, Boorish Herder / Kodama of the East Tree",,,
8ca6d3d8-d022-423e-9b80-87f02d331b86,"Bruse Tarl, Boorish Herder / Malcolm, Keen-Eyed Navigator","Bruse Tarl, Boorish Herder / Malcolm, Keen-Eyed Navigator",,,
7a70fa34-b156-414e-84af-ecb455ba8d8c,"Bruse Tarl, Boorish Herder / Thrasios, Triton Hero","Bruse Tarl, Boorish Herder / Thrasios, Triton Hero",,,
3d0ef01d-adb2-49c9-a8e9-eeb719618ffe,"Bruse Tarl, Boorish Herder / Tymna the Weaver","Bruse Tarl, Boorish Herder / Tymna the Weaver",,,
320c8389-2c71-485f-892f-fffa2ff8fde3,"Burakos, Party Leader / Candlekeep Sage","Burakos, Party Leader / Candlekeep Sage",,,
c7e0364e-19a8-42a9-b697-af8c6a6d00e2,"Burakos, Party Leader / Clan Crafter","Burakos, Party Leader / Clan Crafter",,,
33a54bbf-a094-451f-8ea1-cb02025ce448,"Burakos, Party Leader / Folk Hero","Burakos, Party Leader / Folk Hero",,,
b42728a1-ddb9-42a2-942b-fba95605bb52,"Burakos, Party Leader / Guild Artisan","Burakos, Party Leader / Guild Artisan",,,
06cc849f-0b52-4050-b717-0c9c05cac3d4,"Burakos, Party Leader / Shameless Charlatan","Burakos, Party Leader / Shameless Charlatan",,,
db6403f3-3fee-4feb-8343-13acfb3cd816,"Calix, Guided by Fate / Ellivere of the Wild Court","Calix, Guided by Fate / Ellivere of the Wild Court",,,
b18c02ec-26ac-48bd-bb0a-173c24419b11,"Camellia, the Seedmiser / Peregrin Took","Camellia, the Seedmiser / Peregrin Took",,,
7cb0b3e1-da5d-4db0-b67c-7c37897f8349,"Candlekeep Sage / Ganax, Astral Hunter","Candlekeep Sage / Ganax, Astral Hunter",,,
9b33b8d2-c004-4873-b4e7-b5d7ad5b688f,"Cazur, Ruthless Stalker / Ukkima, Stalking Shadow","Cazur, Ruthless Stalker / Ukkima, Stalking Shadow",,,
f9a399db-f5ce-4bd3-b555-7b7eed99fbd3,"Cecily, Haunted Mage / Elmar, Ulvenwald Informant","Cecily, Haunted Mage / Elmar, Ulvenwald Informant",,,
89e9d15f-fac4-492e-8e3f-feeaa07aeb84,"Cecily, Haunted Mage / Othelm, Sigardian Outcast","Cecily, Haunted Mage / Othelm, Sigardian Outcast",,,
ea5bc9d3-639e-45b5-abd1-acff110eb680,"Cecily, Haunted Mage / Sophina, Spearsage Deserter","Cecily, Haunted Mage / Sophina, Spearsage Deserter",,,
ddad5fe8-ee52-40da-8103-e922ec4dd3f3,"Cecily, Haunted Mage / Wernog, Rider's Chaplain","Cecily, Haunted Mage / Wernog, Rider's Chaplain",,,
11f24146-b51c-45db-95d9-aa07ef1466be,"Chatterfang, Squirrel General / Kykar, Wind's Fury","Chatterfang, Squirrel General / Kykar, Wind's Fury",,,
e757f6c4-1aef-42c8-bbd3-c943479ba69b,"Chatterfang, Squirrel General / Zurzoth, Chaos Rider","Chatterfang, Squirrel General / Zurzoth, Chaos Rider",,,
c4136a54-c2e4-437c-9db4-ae43eb17583c,"Clan Crafter / Jaheira, Friend of the Forest","Clan Crafter / Jaheira, Friend of the Forest",,,
e262a00e-19c8-41e1-a7cb-f549501582fb,"Clan Crafter / Viconia, Drow Apostate","Clan Crafter / Viconia, Drow Apostate",,,
d911fd38-2161-4210-aa88-9618fa7dfaa6,"Clara Oswald / The Thirteenth Doctor","Clara Oswald / The Thirteenth Doctor",,,
353ebb21-1b51-4528-bc7f-103ac84ad0e6,"Clara Oswald / The War Doctor","Clara Oswald / The War Doctor",,,
89b60384-62f5-41f6-8110-9c56527b153b,"Cloakwood Hermit / Gale, Waterdeep Prodigy","Cloakwood Hermit / Gale, Waterdeep Prodigy",,,
378525ee-0693-4a40-b898-62250b2bb016,"Cloakwood Hermit / Sivriss, Nightmare Speaker","Cloakwood Hermit / Sivriss, Nightmare Speaker",,,
74349ba8-2aad-4798-8df8-d7e26939c824,"Cultist of the Absolute / Vhal, Candlekeep Researcher","Cultist of the Absolute / Vhal, Candlekeep Researcher",,,
1a354b17-a522-4fe4-9a9e-dbd67574d1ac,"Dan Lewis / The Second Doctor","Dan Lewis / The Second Doctor",,,
c630b930-5a9c-46a9-9dfd-a34a51e652de,"Dargo, the Shipwrecker / Francisco, Fowl Marauder","Dargo, the Shipwrecker / Francisco, Fowl Marauder",,,
748fffde-8eb5-4dd9-9314-7d2e512c16f9,"Dargo, the Shipwrecker / Ikra Shidiqi, the Usurper","Dargo, the Shipwrecker / Ikra Shidiqi, the Usurper",,,
f97da7a1-199b-4c77-8fcc-9a01ee7a1a4b,"Dargo, the Shipwrecker / Ishai, Ojutai Dragonspeaker","Dargo, the Shipwrecker / Ishai, Ojutai Dragonspeaker",,,
750c003a-60c8-45ae-bad0-91b0f18afde7,"Dargo, the Shipwrecker / Jeska, Thrice Reborn","Dargo, the Shipwrecker / Jeska, Thrice Reborn",,,
81416865-399d-4bae-a75c-ce96c2ca56fd,"Dargo, the Shipwrecker / Keskit, the Flesh Sculptor","Dargo, the Shipwrecker / Keskit, the Flesh Sculptor",,,
0f16c159-23d5-4bab-8733-bab729c8a0ad,"Dargo, the Shipwrecker / Kodama of the East Tree","Dargo, the Shipwrecker / Kodama of the East Tree",,,
416abf86-0a88-42f6-8064-fd26329ea1b4,"Dargo, the Shipwrecker / Malcolm, Keen-Eyed Navigator","Dargo, the Shipwrecker / Malcolm, Keen-Eyed Navigator",,,
df28f8a8-e094-473e-8cf8-9f100fe7b150,"Dargo, the Shipwrecker / Miara, Thorn of the Glade","Dargo, the Shipwrecker / Miara, Thorn of the Glade",,,
35450ca7-0b8c-4bdd-907c-b910944141ab,"Dargo, the Shipwrecker / Reyhan, Last of the Abzan","Dargo, the Shipwrecker / Reyhan, Last of the Abzan",,,
dcfe51ac-286f-4b2f-9c8d-06b6a79dd391,"Dargo, the Shipwrecker / Rograkh, Son of Rohgahh","Dargo, the Shipwrecker / Rograkh, Son of Rohgahh",,,
15ffe1a8-c571-443a-b3ca-dd1b11c4dbc8,"Dargo, the Shipwrecker / Sidar Kondo of Jamuraa","Dargo, the Shipwrecker / Sidar Kondo of Jamuraa",,,
6c3fd130-e3de-4a45-bb67-29c47334452d,"Dargo, the Shipwrecker / Silas Renn, Seeker Adept","Dargo, the Shipwrecker / Silas Renn, Seeker Adept",,,
5d756d67-0034-4cc1-b379-9e38f7635dd5,"Dargo, the Shipwrecker / Tevesh Szat, Doom of Fools","Dargo, the Shipwrecker / Tevesh Szat, Doom of Fools",,,
d0757148-abc6-4b64-a5d2-f3db5f3e3194,"Dargo, the Shipwrecker / Thrasios, Triton Hero","Dargo, the Shipwrecker / Thrasios, Triton Hero",,,
5502c175-a242-4e1c-88f8-aeae4fe2de7b,"Dargo, the Shipwrecker / Tormod, the Desecrator","Dargo, the Shipwrecker / Tormod, the Desecrator",,,
45b0721d-7dc8-415f-b878-3b3059920dfe,"Dargo, the Shipwrecker / Tymna the Weaver","Dargo, the Shipwrecker / Tymna the Weaver",,,
488d7806-656e-48c0-b39f-07ffe9dc5c99,"Dargo, the Shipwrecker / Yoshimaru, Ever Faithful","Dargo, the Shipwrecker / Yoshimaru, Ever Faithful",,,
b39204b7-c10a-462b-9122-a7dbe45b06eb,"Deekah, Fractal Theorist / Zada, Hedron Grinder","Deekah, Fractal Theorist / Zada, Hedron Grinder",,,
aa381487-ab80-4f93-bfe7-480be6f165c1,"Delney, Streetwise Lookout / Magda, Brazen Outlaw","Delney, Streetwise Lookout / Magda, Brazen Outlaw",,,
43a17f8f-008a-40f8-85cd-5c14f0d44f18,"Derevi, Empyrial Tactician / Inalla, Archmage Ritualist","Derevi, Empyrial Tactician / Inalla, Archmage Ritualist",,,
13e80c6b-19fd-4cef-b674-b529525195d4,"Derevi, Empyrial Tactician / Najeela, the Blade-Blossom","Derevi, Empyrial Tactician / Najeela, the Blade-Blossom",,,
f67c8688-f265-4008-8e27-1a1bad35bf4a,"Dihada, Binder of Wills / Kinnan, Bonder Prodigy","Dihada, Binder of Wills / Kinnan, Bonder Prodigy",,,
e9b98d61-e02b-4307-9712-e5cead391bdb,"Dihada, Binder of Wills / Malcolm, Keen-Eyed Navigator","Dihada, Binder of Wills / Malcolm, Keen-Eyed Navigator",,,
b703c747-e1b2-48e1-be01-7da16780d0db,"Donatello, the Brains / Michelangelo, the Heart","Donatello, the Brains / Michelangelo, the Heart",,,
a3cc8261-4b47-4af8-95fa-6de7f1243e19,"Donna Noble / The Second Doctor","Donna Noble / The Second Doctor",,,
c23f5b16-8194-4e0e-856b-cc40bb9fb520,"Durnan of the Yawning Portal / Passionate Archaeologist","Durnan of the Yawning Portal / Passionate Archaeologist",,,
9e81a7cb-921d-4d8c-9d9b-7090d1efb05c,"Elesh Norn / Jin-Gitaxias","Elesh Norn / Jin-Gitaxias",,,
1c4fd292-8b15-4402-84ce-42b130624c1f,"Eligeth, Crossroads Augur / Thrasios, Triton Hero","Eligeth, Crossroads Augur / Thrasios, Triton Hero",,,
4a83c756-ecb3-4e50-a8f1-3ede1979eced,"Ellie, Brick Master / Ellie, Vengeful Hunter","Ellie, Brick Master / Ellie, Vengeful Hunter",,,
a1e0057e-210d-4a1e-8e19-bf6d86712d30,"Ellie, Brick Master / Joel, Resolute Survivor","Ellie, Brick Master / Joel, Resolute Survivor",,,
cbd55393-0204-4a51-845a-97c34660c9fd,"Ellie, Vengeful Hunter / Joel, Resolute Survivor","Ellie, Vengeful Hunter / Joel, Resolute Survivor",,,
8b7598e4-e05b-4827-aa94-5c619c8377ae,"Elmar, Ulvenwald Informant / Hargilde, Kindly Runechanter","Elmar, Ulvenwald Informant / Hargilde, Kindly Runechanter",,,
0047e485-f1e0-4682-9c26-af0730d7976f,"Elmar, Ulvenwald Informant / Wernog, Rider's Chaplain","Elmar, Ulvenwald Informant / Wernog, Rider's Chaplain",,,
17161cfe-e44f-4032-8f4b-cdab8329ef30,"Elmar, Ulvenwald Informant / Wernog, Rider\'s Chaplain","Elmar, Ulvenwald Informant / Wernog, Rider\'s Chaplain",,,
0ccd13fc-2f94-4b76-b783-2042f8da5ee1,"Emry, Lurker of the Loch / Lurrus of the Dream-Den","Emry, Lurker of the Loch / Lurrus of the Dream-Den",,,
42994c20-1c2c-4006-b842-f6833769b561,"Erinis, Gloom Stalker / Street Urchin","Erinis, Gloom Stalker / Street Urchin",,,
5a515eae-20e5-4690-95a9-132d48f80600,"Esior, Wardwing Familiar / Rograkh, Son of Rohgahh","Esior, Wardwing Familiar / Rograkh, Son of Rohgahh",,,
8a0d8627-fa81-458a-8d48-96560c6027a0,"Esior, Wardwing Familiar / Tymna the Weaver","Esior, Wardwing Familiar / Tymna the Weaver",,,
8cb8a5bb-30f7-4ffb-8f00-f38381caf65c,"Etali, Primal Conqueror / Gyruda, Doom of Depths","Etali, Primal Conqueror / Gyruda, Doom of Depths",,,
c9b6c353-bef0-4132-aee9-85109c93d07d,"Etali, Primal Conqueror / Kinnan, Bonder Prodigy","Etali, Primal Conqueror / Kinnan, Bonder Prodigy",,,
8598127f-7d89-414c-975b-974b0dbe03b4,"Etali, Primal Conqueror / The Master of Keys","Etali, Primal Conqueror / The Master of Keys",,,
6b317227-f11c-4505-8446-abf15b1ca87d,"Evereth, Viceroy of Plunder / Setzer, Wandering Gambler","Evereth, Viceroy of Plunder / Setzer, Wandering Gambler",,,
4b14112d-7ee6-40a7-954b-3f02b7153300,"Evie Frye / Jacob Frye","Evie Frye / Jacob Frye",,,
cb95854d-2cda-48fd-a4e8-2ab6e9fa2886,"Falthis, Shadowcat Familiar / Jeska, Thrice Reborn","Falthis, Shadowcat Familiar / Jeska, Thrice Reborn",,,
51ee6a78-2460-460c-83e5-798558c4f969,"Falthis, Shadowcat Familiar / Kediss, Emberclaw Familiar","Falthis, Shadowcat Familiar / Kediss, Emberclaw Familiar",,,
fb1c4ae4-a435-4fe0-a1c4-6bc8a18864dd,"Far Traveler / Imoen, Mystic Trickster","Far Traveler / Imoen, Mystic Trickster",,,
df4ccef2-fd7d-488a-9818-c6293f24ba56,"Feywild Visitor / Ganax, Astral Hunter","Feywild Visitor / Ganax, Astral Hunter",,,
9d569328-9794-447a-bd78-ca62c3cfb939,"Feywild Visitor / Karlach, Fury of Avernus","Feywild Visitor / Karlach, Fury of Avernus",,,
e816c129-ef95-4f24-bb4a-9c164af08451,"Flaming Fist / Karlach, Fury of Avernus","Flaming Fist / Karlach, Fury of Avernus",,,
46533529-9d27-48de-bb4d-fe9d01871fb5,"Flaming Fist / Wilson, Refined Grizzly","Flaming Fist / Wilson, Refined Grizzly",,,
918790f9-29a4-4d1b-9d32-bda54c7691c3,"Folk Hero / Volo, Itinerant Scholar","Folk Hero / Volo, Itinerant Scholar",,,
7f95c2d5-e0c0-4da6-b489-0ee3e44ce3ed,"Francisco, Fowl Marauder / Ishai, Ojutai Dragonspeaker","Francisco, Fowl Marauder / Ishai, Ojutai Dragonspeaker",,,
61e49760-f475-4f5d-b632-621811765ad1,"Francisco, Fowl Marauder / Kediss, Emberclaw Familiar","Francisco, Fowl Marauder / Kediss, Emberclaw Familiar",,,
4e0bd0c1-1e2f-414a-8dad-3b4f9bbad890,"Francisco, Fowl Marauder / Kraum, Ludevic's Opus","Francisco, Fowl Marauder / Kraum, Ludevic's Opus",,,
c65f64b5-3318-4f03-9f3e-ca0aa653b4ce,"Francisco, Fowl Marauder / Ludevic, Necro-Alchemist","Francisco, Fowl Marauder / Ludevic, Necro-Alchemist",,,
604e9618-028b-49ee-8284-f9301c054cd9,"Francisco, Fowl Marauder / Malcolm, Keen-Eyed Navigator","Francisco, Fowl Marauder / Malcolm, Keen-Eyed Navigator",,,
5192b0a7-1d79-4f5a-a215-a3822b650ea0,"Francisco, Fowl Marauder / Reyhan, Last of the Abzan","Francisco, Fowl Marauder / Reyhan, Last of the Abzan",,,
1c9dc1c0-3312-48c8-98d0-41d2ca58790c,"Francisco, Fowl Marauder / Rograkh, Son of Rohgahh","Francisco, Fowl Marauder / Rograkh, Son of Rohgahh",,,
2c04f166-5019-49ca-936e-fc7a6b92072b,"Francisco, Fowl Marauder / Thrasios, Triton Hero","Francisco, Fowl Marauder / Thrasios, Triton Hero",,,
0804bbd0-aea0-4134-87e8-2d478eba976d,"Francisco, Fowl Marauder / Tymna the Weaver","Francisco, Fowl Marauder / Tymna the Weaver",,,
b3245ca2-d2bb-43a7-a389-9094c7621004,"Frodo, Adventurous Hobbit / Sam, Loyal Attendant","Frodo, Adventurous Hobbit / Sam, Loyal Attendant",,,
abed24f8-1873-4408-804d-3afa7ffff47f,"Gale, Waterdeep Prodigy / Guild Artisan","Gale, Waterdeep Prodigy / Guild Artisan",,,
09aa3c2b-a2ba-4e14-bbc9-7aedc1665a44,"Gale, Waterdeep Prodigy / Passionate Archaeologist","Gale, Waterdeep Prodigy / Passionate Archaeologist",,,
1514fb78-b5f9-4952-b214-0e0cc559a5ae,"Gale, Waterdeep Prodigy / Scion of Halaster","Gale, Waterdeep Prodigy / Scion of Halaster",,,
6632cecd-1a03-4b34-a8bf-a0f397a578d8,"Gale, Waterdeep Prodigy / Street Urchin","Gale, Waterdeep Prodigy / Street Urchin",,,
23df7c7b-3e7d-40a4-b344-4fdbfba46981,"Ghost of Ramirez DePietro / Tymna the Weaver","Ghost of Ramirez DePietro / Tymna the Weaver",,,
b65f66c6-8fee-4f7d-a7af-17cecf8a36dc,"Ghyrson Starn, Kelermorph / Ob Nixilis, Captive Kingpin","Ghyrson Starn, Kelermorph / Ob Nixilis, Captive Kingpin",,,
c8d54395-008b-4290-9fcc-e12246867115,"Gilanra, Caller of Wirewood / Kodama of the East Tree","Gilanra, Caller of Wirewood / Kodama of the East Tree",,,
b23419e8-97ac-43b6-9b46-419c5c56c547,"Gilanra, Caller of Wirewood / Numa, Joraga Chieftain","Gilanra, Caller of Wirewood / Numa, Joraga Chieftain",,,
80701467-58ba-4b5e-b43b-f326112d7b36,"Gilanra, Caller of Wirewood / Vial Smasher the Fierce","Gilanra, Caller of Wirewood / Vial Smasher the Fierce",,,
ecd61666-6fa5-4362-bff2-30986e974cf4,"Gishath, Sun's Avatar / Kaheera, the Orphanguard","Gishath, Sun's Avatar / Kaheera, the Orphanguard",,,
3e83e717-c38d-483a-b775-57ae8c773ed5,"Godo, Bandit Warlord / Kutzil, Malamet Exemplar","Godo, Bandit Warlord / Kutzil, Malamet Exemplar",,,
29dc309e-19f7-4742-9d2d-5a1e8d91ead4,"Graham O'Brien / The Fourteenth Doctor","Graham O'Brien / The Fourteenth Doctor",,,
d5e17853-3d0c-401b-b293-a2f81ef5f679,"Gyruda, Doom of Depths / Ragavan, Nimble Pilferer","Gyruda, Doom of Depths / Ragavan, Nimble Pilferer",,,
2a7958b9-22e2-4e85-9463-f54b4819776b,"Halana, Kessig Ranger / Ishai, Ojutai Dragonspeaker","Halana, Kessig Ranger / Ishai, Ojutai Dragonspeaker",,,
3aeb275c-c28e-49f8-b3c6-1642ab136582,"Halana, Kessig Ranger / Thrasios, Triton Hero","Halana, Kessig Ranger / Thrasios, Triton Hero",,,
4d77a2aa-06f0-4c37-9262-918c6d12e7a7,"Halana, Kessig Ranger / Tymna the Weaver","Halana, Kessig Ranger / Tymna the Weaver",,,
b0d9ea08-b864-4694-a39e-5349f718d8ec,"Haldan, Avid Arcanist / Pako, Arcane Retriever","Haldan, Avid Arcanist / Pako, Arcane Retriever",,,
97ccfd08-f7e1-4716-aad8-983bc7dc1bc7,"Hapatra, Vizier of Poisons / The Scorpion God","Hapatra, Vizier of Poisons / The Scorpion God",,,
8a660710-c406-4379-a066-b20b284090af,"Hardy Outlander / Karlach, Fury of Avernus","Hardy Outlander / Karlach, Fury of Avernus",,,
07a0b18b-4590-4cc5-b0a2-3389e439639a,"Hargilde, Kindly Runechanter / Wernog, Rider's Chaplain","Hargilde, Kindly Runechanter / Wernog, Rider's Chaplain",,,
8230a2cd-c15f-4a5f-a530-d901dd505a4c,"Haunted One / Volo, Itinerant Scholar","Haunted One / Volo, Itinerant Scholar",,,
36ea6f6d-c949-40c9-aa10-bfe8f242d54f,"Haunted One / Zellix, Sanity Flayer","Haunted One / Zellix, Sanity Flayer",,,
40a7dd65-cd03-47d2-9da1-461c1938f1fe,"Ikra Shidiqi, the Usurper / Ishai, Ojutai Dragonspeaker","Ikra Shidiqi, the Usurper / Ishai, Ojutai Dragonspeaker",,,
ef6997d5-f972-44cc-99f1-6130b1ab6365,"Ikra Shidiqi, the Usurper / Krark, the Thumbless","Ikra Shidiqi, the Usurper / Krark, the Thumbless",,,
1e54be36-2d45-4cfd-a611-ff1894689f8e,"Ikra Shidiqi, the Usurper / Kraum, Ludevic's Opus","Ikra Shidiqi, the Usurper / Kraum, Ludevic's Opus",,,
efc52040-4dad-4451-89c6-25ac6505bb7b,"Ikra Shidiqi, the Usurper / Malcolm, Keen-Eyed Navigator","Ikra Shidiqi, the Usurper / Malcolm, Keen-Eyed Navigator",,,
ffd6f2ae-233d-4422-924b-11f95657ab57,"Ikra Shidiqi, the Usurper / Rograkh, Son of Rohgahh","Ikra Shidiqi, the Usurper / Rograkh, Son of Rohgahh",,,
6673cb1c-a862-41c1-b7e5-c1dd3a01234f,"Ikra Shidiqi, the Usurper / Thrasios, Triton Hero","Ikra Shidiqi, the Usurper / Thrasios, Triton Hero",,,
51f6a544-fe7b-4618-bf48-ce480905921e,"Ikra Shidiqi, the Usurper / Tymna the Weaver","Ikra Shidiqi, the Usurper / Tymna the Weaver",,,
fc63ee0b-277d-4e77-9936-cce44d8cd055,"Imskir Iron-Eater / Tetzin, Gnome Champion","Imskir Iron-Eater / Tetzin, Gnome Champion",,,
92e0a81a-90f8-464f-a456-37ba852a1984,"Inalla, Archmage Ritualist / Unctus, Grand Metatect","Inalla, Archmage Ritualist / Unctus, Grand Metatect",,,
22796f6d-d408-473f-b070-0aa021981ef1,"Inga and Esika / Kinnan, Bonder Prodigy","Inga and Esika / Kinnan, Bonder Prodigy",,,
959fa1ad-6fee-4b75-9c76-644d43fc67ca,"Inspiring Leader / Lae'zel, Vlaakith's Champion","Inspiring Leader / Lae'zel, Vlaakith's Champion",,,
94311b24-4aee-4379-ab8b-e89ea9d59560,"Inspirit, Flagship Vessel / Kilo, Apogee Mind","Inspirit, Flagship Vessel / Kilo, Apogee Mind",,,
6ffc4a60-5f10-4119-a43a-cf57a3095142,"Ishai, Ojutai Dragonspeaker / Jeska, Thrice Reborn","Ishai, Ojutai Dragonspeaker / Jeska, Thrice Reborn",,,
cd91076a-bf23-497c-92db-57df1f12f0d4,"Ishai, Ojutai Dragonspeaker / Kediss, Emberclaw Familiar","Ishai, Ojutai Dragonspeaker / Kediss, Emberclaw Familiar",,,
b4ab5feb-c51e-4393-9c19-d01090bc9c47,"Ishai, Ojutai Dragonspeaker / Keleth, Sunmane Familiar","Ishai, Ojutai Dragonspeaker / Keleth, Sunmane Familiar",,,
48fdbbdd-f3a3-41a1-af2e-442719d33129,"Ishai, Ojutai Dragonspeaker / Kodama of the East Tree","Ishai, Ojutai Dragonspeaker / Kodama of the East Tree",,,
18389cb2-4918-4685-9ec9-6f6400dd73f5,"Ishai, Ojutai Dragonspeaker / Krark, the Thumbless","Ishai, Ojutai Dragonspeaker / Krark, the Thumbless",,,
0c1de291-ab01-45f5-8070-f42748dd2e51,"Ishai, Ojutai Dragonspeaker / Reyhan, Last of the Abzan","Ishai, Ojutai Dragonspeaker / Reyhan, Last of the Abzan",,,
ec7a4eaf-6d05-4b3f-80d9-908e3f04258b,"Ishai, Ojutai Dragonspeaker / Tana, the Bloodsower","Ishai, Ojutai Dragonspeaker / Tana, the Bloodsower",,,
58d7db87-43cb-4059-a729-efaf6f677e06,"Ishai, Ojutai Dragonspeaker / Tevesh Szat, Doom of Fools","Ishai, Ojutai Dragonspeaker / Tevesh Szat, Doom of Fools",,,
3cccb4f1-3828-4743-99fb-694a2fbb3df8,"Ishai, Ojutai Dragonspeaker / Thrasios, Triton Hero","Ishai, Ojutai Dragonspeaker / Thrasios, Triton Hero",,,
92f65cec-04ab-47e1-9db9-668f04d81b0c,"Ishai, Ojutai Dragonspeaker / Tymna the Weaver","Ishai, Ojutai Dragonspeaker / Tymna the Weaver",,,
fb3b1017-b428-4024-91ab-a9c837264500,"Ishai, Ojutai Dragonspeaker / Vial Smasher the Fierce","Ishai, Ojutai Dragonspeaker / Vial Smasher the Fierce",,,
4bc2dbee-270d-40da-9e0c-b7a0170b81cf,"Jaheira, Friend of the Forest / Noble Heritage","Jaheira, Friend of the Forest / Noble Heritage",,,
e7008dca-5906-47e9-b96f-ffd4d57c2891,"Jaheira, Friend of the Forest / Street Urchin","Jaheira, Friend of the Forest / Street Urchin",,,
af7b6926-7209-4a55-8b08-466eeaa8821f,"Jamie McCrimmon / The Fifth Doctor","Jamie McCrimmon / The Fifth Doctor",,,
fb1f8259-0fb3-4908-beb9-8d2d15591858,"Jenny Flint / Madame Vastra","Jenny Flint / Madame Vastra",,,
1cb28112-989b-48ac-a37c-af25eced4459,"Jeska, Thrice Reborn / Ishai, Ojutai Dragonspeaker","Jeska, Thrice Reborn / Ishai, Ojutai Dragonspeaker",,,
a54a1034-da6c-468a-a7ee-75f3a417af2a,"Jeska, Thrice Reborn / Malcolm, Keen-Eyed Navigator","Jeska, Thrice Reborn / Malcolm, Keen-Eyed Navigator",,,
489f8b8f-068d-42c8-b061-0dc7e6677e9a,"Jeska, Thrice Reborn / Rograkh, Son of Rohgahh","Jeska, Thrice Reborn / Rograkh, Son of Rohgahh",,,
fc4e15d0-bd81-4efc-bfd9-a47374bd9359,"Jeska, Thrice Reborn / Sidar Kondo of Jamuraa","Jeska, Thrice Reborn / Sidar Kondo of Jamuraa",,,
e27e7c33-1b52-4732-b609-54be34233556,"Jeska, Thrice Reborn / Silas Renn, Seeker Adept","Jeska, Thrice Reborn / Silas Renn, Seeker Adept",,,
dafb76f4-6c05-4828-ab4f-85b4c88cd7bb,"Jeska, Thrice Reborn / Tevesh Szat, Doom of Fools","Jeska, Thrice Reborn / Tevesh Szat, Doom of Fools",,,
f559f150-2dd2-4a26-99b3-942dce37addb,"Jeska, Thrice Reborn / Thrasios, Triton Hero","Jeska, Thrice Reborn / Thrasios, Triton Hero",,,
7f8ee855-4bc0-47d8-be0a-93530d02ec87,"Jeska, Thrice Reborn / Tymna the Weaver","Jeska, Thrice Reborn / Tymna the Weaver",,,
6da77356-a0eb-4904-90cc-9d2bbd391bba,"Jeska, Thrice Reborn / Yoshimaru, Ever Faithful","Jeska, Thrice Reborn / Yoshimaru, Ever Faithful",,,
5846d30a-62e8-4fef-9a05-e6dc9bb84791,"K-9, Mark I / The Fourteenth Doctor","K-9, Mark I / The Fourteenth Doctor",,,
7d977dd6-8270-49eb-a216-462ef8426322,"K-9, Mark I / The Fugitive Doctor","K-9, Mark I / The Fugitive Doctor",,,
2b6a0f4c-c0ee-473d-ac20-10e1e367190a,"K-9, Mark I / The Second Doctor","K-9, Mark I / The Second Doctor",,,
060f6487-ef84-4a19-aca4-e658456676a0,"K-9, Mark I / The War Doctor","K-9, Mark I / The War Doctor",,,
ae295a68-a2cc-424b-ade0-ad36061cba2c,"Kaalia of the Vast / Kinnan, Bonder Prodigy","Kaalia of the Vast / Kinnan, Bonder Prodigy",,,
ecc3de70-2ea3-4e2c-81a3-9915ff389d71,"Kaalia of the Vast / Thrasios, Triton Hero","Kaalia of the Vast / Thrasios, Triton Hero",,,
2ca1a882-52b4-44f5-a883-d76d4157b572,"Kamahl, Heart of Krosa / Kodama of the East Tree","Kamahl, Heart of Krosa / Kodama of the East Tree",,,
d808818c-9dae-4008-b150-6277f5e12730,"Kamahl, Heart of Krosa / Rograkh, Son of Rohgahh","Kamahl, Heart of Krosa / Rograkh, Son of Rohgahh",,,
6afe0afb-ab1b-4f61-9dc9-8e552551a6ec,"Kamahl, Heart of Krosa / Tymna the Weaver","Kamahl, Heart of Krosa / Tymna the Weaver",,,
ef222514-ef2b-4221-955a-03f7ef469959,"Kami of the Crescent Moon / Kardur, Doomscourge","Kami of the Crescent Moon / Kardur, Doomscourge",,,
f039a4f7-e4e3-433b-b4c3-745ac01d9032,"Karlach, Fury of Avernus / Sword Coast Sailor","Karlach, Fury of Avernus / Sword Coast Sailor",,,
2c806f71-5560-402e-9fad-7e19e1641444,"Kediss, Emberclaw Familiar / Malcolm, Keen-Eyed Navigator","Kediss, Emberclaw Familiar / Malcolm, Keen-Eyed Navigator",,,
2374a457-cfa3-4b56-a385-e2e09da422ee,"Kediss, Emberclaw Familiar / Tymna the Weaver","Kediss, Emberclaw Familiar / Tymna the Weaver",,,
2b1a403e-7c19-44f0-a5f9-a72a6b070795,"Kediss, Emberclaw Familiar / Yoshimaru, Ever Faithful","Kediss, Emberclaw Familiar / Yoshimaru, Ever Faithful",,,
d6f78d18-5046-486b-a937-86e9abbd2248,"Keleth, Sunmane Familiar / Reyhan, Last of the Abzan","Keleth, Sunmane Familiar / Reyhan, Last of the Abzan",,,
3a0ba0ab-3614-4d7d-b43b-9d7aa0bced38,"Keleth, Sunmane Familiar / Yoshimaru, Ever Faithful","Keleth, Sunmane Familiar / Yoshimaru, Ever Faithful",,,
e9f6b84d-5315-484e-bf07-5e3b9a352c39,"Kenrith, the Returned King / The Infamous Cruelclaw","Kenrith, the Returned King / The Infamous Cruelclaw",,,
0ef208be-8a50-49bf-9291-90a26535a214,"Kenrith, the Returned King / Trazyn the Infinite","Kenrith, the Returned King / Trazyn the Infinite",,,
9bde1d60-8ae6-4b91-a81f-61f7db65f1e5,"Kenrith, the Returned King / Zirda, the Dawnwaker","Kenrith, the Returned King / Zirda, the Dawnwaker",,,
33097ce9-3226-42a3-bf4a-18a1d0d6ac21,"Kinnan, Bonder Prodigy / Kutzil, Malamet Exemplar","Kinnan, Bonder Prodigy / Kutzil, Malamet Exemplar",,,
22bcc075-f63d-421a-871c-5881f09803d0,"Kinnan, Bonder Prodigy / Lotho, Corrupt Shirriff","Kinnan, Bonder Prodigy / Lotho, Corrupt Shirriff",,,
2e548884-57d7-4844-bf19-8ee0018bdbd9,"Kinnan, Bonder Prodigy / Magda, Brazen Outlaw","Kinnan, Bonder Prodigy / Magda, Brazen Outlaw",,,
4007c771-c4fd-46c8-82d1-7e2faea91416,"Kinnan, Bonder Prodigy / Ragavan, Nimble Pilferer","Kinnan, Bonder Prodigy / Ragavan, Nimble Pilferer",,,
42fb0e06-f1b7-48ed-a837-1d0d30dc1b8b,"Kinnan, Bonder Prodigy / Razaketh, the Foulblooded","Kinnan, Bonder Prodigy / Razaketh, the Foulblooded",,,
39bebfab-1ef9-46b5-a112-e45446c95e29,"Kinnan, Bonder Prodigy / Tezzeret the Seeker","Kinnan, Bonder Prodigy / Tezzeret the Seeker",,,
ce6c3d6e-3305-4192-a454-0a5f1ba8d795,"Kinnan, Bonder Prodigy / Zirda, the Dawnwaker","Kinnan, Bonder Prodigy / Zirda, the Dawnwaker",,,
8eefbea2-2514-420d-b130-013eddaf7677,"Kodama of the East Tree / Kraum, Ludevic's Opus","Kodama of the East Tree / Kraum, Ludevic's Opus",,,
8a334290-7dd8-4729-8115-35b1b73c17f0,"Kodama of the East Tree / Prava of the Steel Legion","Kodama of the East Tree / Prava of the Steel Legion",,,
ebdd484a-f2e8-4357-ac4a-ec235dc0c8a0,"Kodama of the East Tree / Sakashima of a Thousand Faces","Kodama of the East Tree / Sakashima of a Thousand Faces",,,
5fad0fac-653b-4317-8694-4db3819a39f0,"Kodama of the East Tree / Silas Renn, Seeker Adept","Kodama of the East Tree / Silas Renn, Seeker Adept",,,
2b058ee2-ca82-40a4-a806-62ef2e12418f,"Kodama of the East Tree / Tevesh Szat, Doom of Fools","Kodama of the East Tree / Tevesh Szat, Doom of Fools",,,
468d015e-af23-4d2e-998a-b828c7c9054a,"Kodama of the East Tree / Thrasios, Triton Hero","Kodama of the East Tree / Thrasios, Triton Hero",,,
5abcd78b-e724-4f69-99ef-8cb3f55e3416,"Kodama of the East Tree / Toggo, Goblin Weaponsmith","Kodama of the East Tree / Toggo, Goblin Weaponsmith",,,
4434ca3f-3946-4a8b-a835-8c69893bf975,"Kodama of the East Tree / Tymna the Weaver","Kodama of the East Tree / Tymna the Weaver",,,
2740c7b8-2f63-4ece-a351-3196b51daa9d,"Kodama of the East Tree / Vial Smasher the Fierce","Kodama of the East Tree / Vial Smasher the Fierce",,,
1a8c414a-990c-4f6e-982e-5baf970659f9,"Krark, the Thumbless / Kydele, Chosen of Kruphix","Krark, the Thumbless / Kydele, Chosen of Kruphix",,,
a28a9b79-6826-4778-90ff-722ece277077,"Krark, the Thumbless / Malcolm, Keen-Eyed Navigator","Krark, the Thumbless / Malcolm, Keen-Eyed Navigator",,,
611ce93c-f2dc-420b-9c56-d492bd42324d,"Krark, the Thumbless / Orvar, the All-Form","Krark, the Thumbless / Orvar, the All-Form",,,
9d89dcd0-e5f8-4299-8d08-fd48d452e2f7,"Krark, the Thumbless / Reyhan, Last of the Abzan","Krark, the Thumbless / Reyhan, Last of the Abzan",,,
70fb08c2-143c-43fd-a34f-27fed92b6da0,"Krark, the Thumbless / Rograkh, Son of Rohgahh","Krark, the Thumbless / Rograkh, Son of Rohgahh",,,
5950eccb-0c68-4b06-a35d-09558fc28c08,"Krark, the Thumbless / Sakashima of a Thousand Faces","Krark, the Thumbless / Sakashima of a Thousand Faces",,,
eadb234a-7655-4ae1-abf0-c542f5206f60,"Krark, the Thumbless / Sidar Kondo of Jamuraa","Krark, the Thumbless / Sidar Kondo of Jamuraa",,,
d43d9d54-c28b-4bda-8fa3-ce6e18acc9b6,"Krark, the Thumbless / Silas Renn, Seeker Adept","Krark, the Thumbless / Silas Renn, Seeker Adept",,,
723059a4-cc6b-4e65-b390-a0e4e13643ce,"Krark, the Thumbless / Tevesh Szat, Doom of Fools","Krark, the Thumbless / Tevesh Szat, Doom of Fools",,,
7f6b5a08-08f7-457a-856e-13bd76c1ae9f,"Krark, the Thumbless / Thrasios, Triton Hero","Krark, the Thumbless / Thrasios, Triton Hero",,,
17564832-3571-4a45-9d09-6d543690e8c8,"Krark, the Thumbless / Tymna the Weaver","Krark, the Thumbless / Tymna the Weaver",,,
cc20e468-87c2-4fcc-a451-cc0a7fd911f6,"Kraum, Ludevic's Opus / Reyhan, Last of the Abzan","Kraum, Ludevic's Opus / Reyhan, Last of the Abzan",,,
daae711d-48d8-4573-9cee-1b404c63bddf,"Kraum, Ludevic's Opus / Tevesh Szat, Doom of Fools","Kraum, Ludevic's Opus / Tevesh Szat, Doom of Fools",,,
d854a49f-1936-4a51-bc14-1c4aa2bda2f4,"Kraum, Ludevic's Opus / Thrasios, Triton Hero","Kraum, Ludevic's Opus / Thrasios, Triton Hero",,,
438d072e-70e1-497b-a777-5d75c25a1381,"Kraum, Ludevic's Opus / Tormod, the Desecrator","Kraum, Ludevic's Opus / Tormod, the Desecrator",,,
1f070b3d-8c71-4be6-8706-491327ab4b82,"Kraum, Ludevic's Opus / Tymna the Weaver","Kraum, Ludevic's Opus / Tymna the Weaver",,,
7a16960e-8f95-491a-946b-52206c094e3e,"Kraum, Ludevic's Opus / Vial Smasher the Fierce","Kraum, Ludevic's Opus / Vial Smasher the Fierce",,,
4a3e6185-8158-4785-a1fb-53cffca14078,"Kraum, Ludevic's Opus / Yoshimaru, Ever Faithful","Kraum, Ludevic's Opus / Yoshimaru, Ever Faithful",,,
f3a0fabc-f0b1-4259-a900-bd3b02e007c8,"Kraum, Violent Cacophony / Tymna the Weaver","Kraum, Violent Cacophony / Tymna the Weaver",,,
49574dca-4ac9-4874-8596-6aeff3b28b27,"Kydele, Chosen of Kruphix / Rograkh, Son of Rohgahh","Kydele, Chosen of Kruphix / Rograkh, Son of Rohgahh",,,
822b7d7c-39bf-4ac5-befb-204ec53a9d3a,"Kydele, Chosen of Kruphix / Tevesh Szat, Doom of Fools","Kydele, Chosen of Kruphix / Tevesh Szat, Doom of Fools",,,
e6ab8083-349d-4aff-9cd5-027d7551e33c,"Kydele, Chosen of Kruphix / Thrasios, Triton Hero","Kydele, Chosen of Kruphix / Thrasios, Triton Hero",,,
c4313b04-68b1-4133-b769-97a2d1e07a93,"Kydele, Chosen of Kruphix / Tymna the Weaver","Kydele, Chosen of Kruphix / Tymna the Weaver",,,
03b8645b-0af8-4a34-be8d-9e27d6fc6eed,"Kydele, Chosen of Kruphix / Vial Smasher the Fierce","Kydele, Chosen of Kruphix / Vial Smasher the Fierce",,,
22f327da-1bf9-4c67-865b-f97d2dd65466,"Kydele, Chosen of Kruphix / Vilis, Broker of Blood","Kydele, Chosen of Kruphix / Vilis, Broker of Blood",,,
681c2e5f-f76b-4c80-8c07-ccd0d3456035,"Kyler, Sigardian Emissary / Leinore, Autumn Sovereign","Kyler, Sigardian Emissary / Leinore, Autumn Sovereign",,,
5359844a-9974-42ea-9575-d82391cb9de6,"Leela, Sevateem Warrior / The Second Doctor","Leela, Sevateem Warrior / The Second Doctor",,,
8a324d93-e978-4511-be21-f32e2c573d4b,"Leonardo, the Balance / Michelangelo, the Heart","Leonardo, the Balance / Michelangelo, the Heart",,,
6fa0ebe5-9632-4399-8b22-c35b8c1f1117,"Leonardo, the Balance / Raphael, the Muscle","Leonardo, the Balance / Raphael, the Muscle",,,
68cbd697-80d1-48c4-a484-258ea8ccc853,"Leonardo, the Balance / Splinter, the Mentor","Leonardo, the Balance / Splinter, the Mentor",,,
1861d08e-4d99-44cb-a313-1fb2d91a8ef0,"Livaan, Cultist of Tiamat / Sword Coast Sailor","Livaan, Cultist of Tiamat / Sword Coast Sailor",,,
510fe233-6abd-4beb-adc6-29175968bf96,"Livio, Oathsworn Sentinel / Tana, the Bloodsower","Livio, Oathsworn Sentinel / Tana, the Bloodsower",,,
72c50a0c-bace-45ac-9a8b-959721c4cc28,"Livio, Oathsworn Sentinel / Thrasios, Triton Hero","Livio, Oathsworn Sentinel / Thrasios, Triton Hero",,,
11381d73-c0e9-4e07-b843-bc9f86d8861f,"Lotho, Corrupt Shirriff / Urza, Lord High Artificer","Lotho, Corrupt Shirriff / Urza, Lord High Artificer",,,
1988bd13-4bf0-4bd3-8541-73a466319c73,"Lucas, the Sharpshooter / Will the Wise","Lucas, the Sharpshooter / Will the Wise",,,
72e77068-8d3a-4a6b-ba35-e225eea60375,"Ludevic, Necro-Alchemist / Tymna the Weaver","Ludevic, Necro-Alchemist / Tymna the Weaver",,,
d213722d-dea8-41ef-916f-8a111f16c2e9,"Lurrus of the Dream-Den / Nadu, Winged Wisdom","Lurrus of the Dream-Den / Nadu, Winged Wisdom",,,
d14181da-9661-4d83-b7c3-001320739b63,"Magda, Brazen Outlaw / Tivit, Seller of Secrets","Magda, Brazen Outlaw / Tivit, Seller of Secrets",,,
9a77e35c-7ad8-4003-a67c-316091a68bae,"Magda, Brazen Outlaw / Urza, Lord High Artificer","Magda, Brazen Outlaw / Urza, Lord High Artificer",,,
2781115b-aa18-4d04-b672-bb008f0458a0,"Malcolm, Keen-Eyed Navigator / Kediss, Emberclaw Familiar","Malcolm, Keen-Eyed Navigator / Kediss, Emberclaw Familiar",,,
40ea2939-a126-4d99-a560-68338fe799d8,"Malcolm, Keen-Eyed Navigator / Reyhan, Last of the Abzan","Malcolm, Keen-Eyed Navigator / Reyhan, Last of the Abzan",,,
133b23f5-e37d-486b-a26d-df0ff2a4b41a,"Malcolm, Keen-Eyed Navigator / Rograkh, Son of Rohgahh","Malcolm, Keen-Eyed Navigator / Rograkh, Son of Rohgahh",,,
85bb8c61-84bf-4e2a-b329-f066a358686e,"Malcolm, Keen-Eyed Navigator / Sakashima of a Thousand Faces","Malcolm, Keen-Eyed Navigator / Sakashima of a Thousand Faces",,,
f3f47f27-eae9-4cdd-9d5e-4d054774ff7d,"Malcolm, Keen-Eyed Navigator / Tana, the Bloodsower","Malcolm, Keen-Eyed Navigator / Tana, the Bloodsower",,,
21f9ad65-9aef-4f53-ad52-cf2add683935,"Malcolm, Keen-Eyed Navigator / Tevesh Szat, Doom of Fools","Malcolm, Keen-Eyed Navigator / Tevesh Szat, Doom of Fools",,,
34803115-6934-4cf6-b804-406972b1e5c9,"Malcolm, Keen-Eyed Navigator / Thrasios, Triton Hero","Malcolm, Keen-Eyed Navigator / Thrasios, Triton Hero",,,
2bace482-15da-40a3-9f5b-c9c7c3a9d32f,"Malcolm, Keen-Eyed Navigator / Tymna the Weaver","Malcolm, Keen-Eyed Navigator / Tymna the Weaver",,,
5f5eb915-51bd-4574-89d5-77b529b0b0a5,"Malcolm, Keen-Eyed Navigator / Vial Smasher the Fierce","Malcolm, Keen-Eyed Navigator / Vial Smasher the Fierce",,,
0cf4ee88-49c1-4f34-b87e-0ca9d273d567,"Master Chef / Vhal, Candlekeep Researcher","Master Chef / Vhal, Candlekeep Researcher",,,
01582ce0-6bf6-4b64-b13e-e93b23946c85,"Master Chef / Volo, Itinerant Scholar","Master Chef / Volo, Itinerant Scholar",,,
875cd901-2b80-4d22-8807-a62f523b387a,"Max, the Daredevil / Will the Wise","Max, the Daredevil / Will the Wise",,,
